[{"model": "contenttypes.contenttype", "pk": 1, "fields": {"app_label": "admin", "model": "logentry"}}, {"model": "contenttypes.contenttype", "pk": 2, "fields": {"app_label": "auth", "model": "permission"}}, {"model": "contenttypes.contenttype", "pk": 3, "fields": {"app_label": "auth", "model": "group"}}, {"model": "contenttypes.contenttype", "pk": 4, "fields": {"app_label": "auth", "model": "user"}}, {"model": "contenttypes.contenttype", "pk": 5, "fields": {"app_label": "contenttypes", "model": "contenttype"}}, {"model": "contenttypes.contenttype", "pk": 6, "fields": {"app_label": "sessions", "model": "session"}}, {"model": "contenttypes.contenttype", "pk": 7, "fields": {"app_label": "menu", "model": "pizza"}}, {"model": "contenttypes.contenttype", "pk": 8, "fields": {"app_label": "menu", "model": "pizzatype"}}, {"model": "contenttypes.contenttype", "pk": 9, "fields": {"app_label": "orders", "model": "order"}}, {"model": "contenttypes.contenttype", "pk": 10, "fields": {"app_label": "users", "model": "customer"}}, {"model": "contenttypes.contenttype", "pk": 11, "fields": {"app_label": "users", "model": "captain"}}, {"model": "contenttypes.contenttype", "pk": 12, "fields": {"app_label": "orders", "model": "orderitem"}}, {"model": "sessions.session", "pk": "9jupmg8a96aed0dk3l9dqszrqvjh5pjm", "fields": {"session_data": "YzI3ZTk5NDg5MjlhMTkxNTQwMzEwYjc3Y2Y1NWEzOTI4ZWM2N2RlNzp7Il9hdXRoX3VzZXJfaWQiOiIxIiwiX2F1dGhfdXNlcl9iYWNrZW5kIjoiZGphbmdvLmNvbnRyaWIuYXV0aC5iYWNrZW5kcy5Nb2RlbEJhY2tlbmQiLCJfYXV0aF91c2VyX2hhc2giOiIyZjI0NDQ1Yjg2NDlhOTlhYmIyMWI1MWM3MzhhMTQxMDhlNmVmNmE5In0=", "expire_date": "2020-02-07T02:48:40.796Z"}}, {"model": "sessions.session", "pk": "nhs76yczytwp3a99y86teqsmghambu73", "fields": {"session_data": "YzI3ZTk5NDg5MjlhMTkxNTQwMzEwYjc3Y2Y1NWEzOTI4ZWM2N2RlNzp7Il9hdXRoX3VzZXJfaWQiOiIxIiwiX2F1dGhfdXNlcl9iYWNrZW5kIjoiZGphbmdvLmNvbnRyaWIuYXV0aC5iYWNrZW5kcy5Nb2RlbEJhY2tlbmQiLCJfYXV0aF91c2VyX2hhc2giOiIyZjI0NDQ1Yjg2NDlhOTlhYmIyMWI1MWM3MzhhMTQxMDhlNmVmNmE5In0=", "expire_date": "2020-02-05T18:51:24.810Z"}}, {"model": "menu.pizza", "pk": 1, "fields": {"uuid": "56eaa6a2-fb87-4202-8917-9cbe74921486", "name": "Salami", "ingredients": "Salami, Olive", "description": "Our famous salami Pizza"}}, {"model": "menu.pizza", "pk": 2, "fields": {"uuid": "1b5920bb-a6a5-4b07-9a59-6ff119ce2e6a", "name": "Margrite", "ingredients": "Chesse, Olive", "description": "Thin Pizza"}}, {"model": "menu.pizza", "pk": 3, "fields": {"uuid": "578237bb-027e-4e9b-8deb-6128fcde3bbc", "name": "Vegan Pizza", "ingredients": "onion, pepper, olive", "description": "Pizza for vegans"}}, {"model": "menu.pizzatype", "pk": 1, "fields": {"uuid": "11a4ea97-2499-4ce1-814d-6c9ad36db756", "pizza": 1, "size": "S", "price": 10, "preparation_time": 10}}, {"model": "menu.pizzatype", "pk": 2, "fields": {"uuid": "ef7dcf47-85e8-410b-b1e0-b9d1e72d84ce", "pizza": 1, "size": "M", "price": 15, "preparation_time": 10}}, {"model": "menu.pizzatype", "pk": 3, "fields": {"uuid": "6bf462fd-6391-4b4b-bdcb-ff59ba412712", "pizza": 1, "size": "L", "price": 20, "preparation_time": 10}}, {"model": "menu.pizzatype", "pk": 4, "fields": {"uuid": "171229c8-f048-4214-9beb-44ff51ed9e75", "pizza": 2, "size": "S", "price": 8, "preparation_time": 10}}, {"model": "menu.pizzatype", "pk": 5, "fields": {"uuid": "a40026ef-2fe7-4153-a532-89c705ac2e08", "pizza": 2, "size": "M", "price": 13, "preparation_time": 10}}, {"model": "menu.pizzatype", "pk": 6, "fields": {"uuid": "15a7bb41-9461-4faf-81dd-c71bc013218a", "pizza": 2, "size": "L", "price": 18, "preparation_time": 10}}, {"model": "menu.pizzatype", "pk": 7, "fields": {"uuid": "399507a7-fc8b-44c9-b2d8-2f05e5694238", "pizza": 3, "size": "S", "price": 9, "preparation_time": 10}}, {"model": "menu.pizzatype", "pk": 8, "fields": {"uuid": "3ee5ed4a-3e26-47b3-ad3a-b49947829a6b", "pizza": 3, "size": "M", "price": 14, "preparation_time": 10}}, {"model": "menu.pizzatype", "pk": 9, "fields": {"uuid": "e7fcd752-49b0-467a-b643-614ab2088587", "pizza": 3, "size": "L", "price": 19, "preparation_time": 10}}, {"model": "orders.order", "pk": 1, "fields": {"uuid": "f6768213-93fb-474b-9858-6d2b710cc6f5", "creating_date": "2020-01-23T19:29:03.657Z", "status": "RECEIVED", "preparation_time": 10, "out_for_delivery_time": null, "cancellation_time": null, "order_total_time": null, "customer_name": null, "customer": null, "captain_name": null, "captain": null}}, {"model": "orders.order", "pk": 2, "fields": {"uuid": "dd329b25-b29a-4c02-bcb1-f7d238250c5b", "creating_date": "2020-01-23T19:34:06.359Z", "status": "RECEIVED", "preparation_time": 10, "out_for_delivery_time": null, "cancellation_time": null, "order_total_time": null, "customer_name": null, "customer": null, "captain_name": null, "captain": null}}, {"model": "orders.order", "pk": 3, "fields": {"uuid": "426e96ae-7635-47d3-806d-20ea383c27a7", "creating_date": "2020-01-23T19:35:36.091Z", "status": "RECEIVED", "preparation_time": 10, "out_for_delivery_time": null, "cancellation_time": null, "order_total_time": null, "customer_name": null, "customer": null, "captain_name": null, "captain": null}}, {"model": "orders.order", "pk": 4, "fields": {"uuid": "918e2a1b-e585-462e-bb1d-d473a5bca839", "creating_date": "2020-01-23T19:36:27.257Z", "status": "RECEIVED", "preparation_time": 10, "out_for_delivery_time": null, "cancellation_time": null, "order_total_time": null, "customer_name": null, "customer": null, "captain_name": null, "captain": null}}, {"model": "orders.order", "pk": 5, "fields": {"uuid": "952cbb71-ca62-4fe8-8132-d614875eda14", "creating_date": "2020-01-23T19:37:44.757Z", "status": "RECEIVED", "preparation_time": 10, "out_for_delivery_time": null, "cancellation_time": null, "order_total_time": null, "customer_name": null, "customer": null, "captain_name": null, "captain": null}}, {"model": "orders.order", "pk": 6, "fields": {"uuid": "3525e485-269d-46fe-bb5d-f817a3b7725e", "creating_date": "2020-01-24T03:17:36.843Z", "status": "RECEIVED", "preparation_time": 20, "out_for_delivery_time": null, "cancellation_time": null, "order_total_time": null, "customer_name": "Abdoo", "customer": 1, "captain_name": null, "captain": null}}, {"model": "orders.order", "pk": 7, "fields": {"uuid": "4c39588e-9d86-41ed-8b40-ed46da6996d2", "creating_date": "2020-01-24T03:18:33.956Z", "status": "RECEIVED", "preparation_time": 20, "out_for_delivery_time": null, "cancellation_time": null, "order_total_time": null, "customer_name": "Abdoo", "customer": 1, "captain_name": null, "captain": null}}, {"model": "orders.order", "pk": 8, "fields": {"uuid": "337e52b4-3f0a-479c-b014-900bc3e94c0b", "creating_date": "2020-01-24T03:23:03.747Z", "status": "RECEIVED", "preparation_time": 20, "out_for_delivery_time": null, "cancellation_time": null, "order_total_time": null, "customer_name": "Abdoo", "customer": 1, "captain_name": null, "captain": null}}, {"model": "orders.order", "pk": 9, "fields": {"uuid": "19948af3-3a8d-402a-92cf-69d9238ca5ef", "creating_date": "2020-01-24T03:26:02.428Z", "status": "RECEIVED", "preparation_time": 20, "out_for_delivery_time": null, "cancellation_time": null, "order_total_time": null, "customer_name": "Abdoo", "customer": 1, "captain_name": null, "captain": null}}, {"model": "orders.order", "pk": 10, "fields": {"uuid": "f78ef2e8-6117-4adb-9883-d7e80addd673", "creating_date": "2020-01-24T03:27:58.616Z", "status": "RECEIVED", "preparation_time": 20, "out_for_delivery_time": null, "cancellation_time": null, "order_total_time": null, "customer_name": "Abdoo", "customer": 1, "captain_name": null, "captain": null}}, {"model": "orders.order", "pk": 11, "fields": {"uuid": "04b7e050-036f-4ef5-b7ce-eb2c59d4cc91", "creating_date": "2020-01-24T03:28:40.445Z", "status": "RECEIVED", "preparation_time": 20, "out_for_delivery_time": null, "cancellation_time": null, "order_total_time": null, "customer_name": "Abdoo", "customer": 1, "captain_name": null, "captain": null}}, {"model": "orders.order", "pk": 12, "fields": {"uuid": "1542f448-e9e8-4420-a84f-f332fa97b12b", "creating_date": "2020-01-24T03:29:14.867Z", "status": "RECEIVED", "preparation_time": 20, "out_for_delivery_time": null, "cancellation_time": null, "order_total_time": null, "customer_name": "Abdoo", "customer": 1, "captain_name": null, "captain": null}}, {"model": "orders.order", "pk": 13, "fields": {"uuid": "5f80a07c-26ea-4bcb-aa9c-70c1344f32fe", "creating_date": "2020-01-24T03:29:54.323Z", "status": "RECEIVED", "preparation_time": 20, "out_for_delivery_time": null, "cancellation_time": null, "order_total_time": null, "customer_name": "Abdoo", "customer": 1, "captain_name": null, "captain": null}}, {"model": "orders.order", "pk": 14, "fields": {"uuid": "e2a87c90-3022-44d4-b928-43398c8b0f3b", "creating_date": "2020-01-24T03:31:49.358Z", "status": "RECEIVED", "preparation_time": 20, "out_for_delivery_time": null, "cancellation_time": null, "order_total_time": null, "customer_name": "Abdoo", "customer": 1, "captain_name": null, "captain": null}}, {"model": "orders.order", "pk": 15, "fields": {"uuid": "3139bd4b-c959-40ef-9d1d-33ee00da1633", "creating_date": "2020-01-24T03:32:52.225Z", "status": "RECEIVED", "preparation_time": 20, "out_for_delivery_time": null, "cancellation_time": null, "order_total_time": null, "customer_name": "Abdoo", "customer": 1, "captain_name": null, "captain": null}}, {"model": "orders.order", "pk": 16, "fields": {"uuid": "3b27d196-6b64-4e52-a155-cab5c2ff9e4e", "creating_date": "2020-01-24T03:33:46.227Z", "status": "RECEIVED", "preparation_time": 20, "out_for_delivery_time": null, "cancellation_time": null, "order_total_time": null, "customer_name": "Abdoo", "customer": 1, "captain_name": null, "captain": null}}, {"model": "orders.order", "pk": 17, "fields": {"uuid": "f537be0a-d6d3-4d77-9bbd-66f720ef97e8", "creating_date": "2020-01-24T04:02:41.367Z", "status": "CANCELLED", "preparation_time": 20, "out_for_delivery_time": null, "cancellation_time": null, "order_total_time": null, "customer_name": "Abdoo", "customer": 1, "captain_name": null, "captain": null}}, {"model": "orders.orderitem", "pk": 1, "fields": {"uuid": "0130e270-27d1-4f1c-bc30-feee250e4518", "pizza": 3, "pizza_name": "Salami", "pizza_price": 20.0, "preparation_time": 10, "item_count": 2, "Order": 1}}, {"model": "orders.orderitem", "pk": 2, "fields": {"uuid": "beac6f3f-bb3b-48e4-9769-aa6439cc9bdb", "pizza": 3, "pizza_name": "Salami", "pizza_price": 20.0, "preparation_time": 10, "item_count": 2, "Order": 2}}, {"model": "orders.orderitem", "pk": 3, "fields": {"uuid": "49d5b8da-aba2-44ed-8815-040edaa47048", "pizza": 3, "pizza_name": "Salami", "pizza_price": 20.0, "preparation_time": 10, "item_count": 2, "Order": 3}}, {"model": "orders.orderitem", "pk": 4, "fields": {"uuid": "90fa1176-d0bc-4949-b8c9-237782e7d931", "pizza": 3, "pizza_name": "Salami", "pizza_price": 20.0, "preparation_time": 10, "item_count": 2, "Order": 4}}, {"model": "orders.orderitem", "pk": 5, "fields": {"uuid": "105dbc7e-65c6-4be0-9410-8f84e50c6b6e", "pizza": 3, "pizza_name": "Salami", "pizza_price": 20.0, "preparation_time": 10, "item_count": 2, "Order": 5}}, {"model": "orders.orderitem", "pk": 6, "fields": {"uuid": "d42ccc3b-bc26-45ad-8a67-a75411e09da9", "pizza": 3, "pizza_name": "Salami", "pizza_price": 20.0, "preparation_time": 10, "item_count": 2, "Order": 6}}, {"model": "orders.orderitem", "pk": 7, "fields": {"uuid": "0f884426-bad7-4e9f-90dc-f266bbacffc4", "pizza": 3, "pizza_name": "Salami", "pizza_price": 20.0, "preparation_time": 10, "item_count": 2, "Order": 7}}, {"model": "orders.orderitem", "pk": 8, "fields": {"uuid": "9ae1dc8b-a982-44f0-8752-a1c8c396016c", "pizza": 3, "pizza_name": "Salami", "pizza_price": 20.0, "preparation_time": 10, "item_count": 2, "Order": 8}}, {"model": "orders.orderitem", "pk": 9, "fields": {"uuid": "3ec4d327-6f48-4809-a48b-5b94899b4174", "pizza": 3, "pizza_name": "Salami", "pizza_price": 20.0, "preparation_time": 10, "item_count": 2, "Order": 9}}, {"model": "orders.orderitem", "pk": 10, "fields": {"uuid": "404b0abd-2ab5-428a-8d21-bd96fd4e71ea", "pizza": 3, "pizza_name": "Salami", "pizza_price": 20.0, "preparation_time": 10, "item_count": 2, "Order": 10}}, {"model": "orders.orderitem", "pk": 11, "fields": {"uuid": "f9434d43-0642-4ea4-b5ba-ed904b6b2d3f", "pizza": 3, "pizza_name": "Salami", "pizza_price": 20.0, "preparation_time": 10, "item_count": 2, "Order": 11}}, {"model": "orders.orderitem", "pk": 12, "fields": {"uuid": "6c9ad4ef-ea75-478c-9bef-5e68a316d1c2", "pizza": 3, "pizza_name": "Salami", "pizza_price": 20.0, "preparation_time": 10, "item_count": 2, "Order": 12}}, {"model": "orders.orderitem", "pk": 13, "fields": {"uuid": "0a350a11-e1a5-42dd-8d9b-e7b11d7f197e", "pizza": 3, "pizza_name": "Salami", "pizza_price": 20.0, "preparation_time": 10, "item_count": 2, "Order": 13}}, {"model": "orders.orderitem", "pk": 14, "fields": {"uuid": "377ed452-8d98-4bb9-8887-8e3350e02921", "pizza": 3, "pizza_name": "Salami", "pizza_price": 20.0, "preparation_time": 10, "item_count": 2, "Order": 14}}, {"model": "orders.orderitem", "pk": 15, "fields": {"uuid": "ec49c6ef-5845-4ebb-8115-ad36e4f0555b", "pizza": 3, "pizza_name": "Salami", "pizza_price": 20.0, "preparation_time": 10, "item_count": 2, "Order": 15}}, {"model": "orders.orderitem", "pk": 16, "fields": {"uuid": "4051f45c-1e79-4fc6-b010-1c96047a96af", "pizza": 3, "pizza_name": "Salami", "pizza_price": 20.0, "preparation_time": 10, "item_count": 2, "Order": 16}}, {"model": "orders.orderitem", "pk": 17, "fields": {"uuid": "3b90dc7f-8683-48ae-9d54-e22d8da19b9d", "pizza": 3, "pizza_name": "Salami", "pizza_price": 20.0, "preparation_time": 10, "item_count": 2, "Order": 17}}, {"model": "users.customer", "pk": 1, "fields": {"name": "Abdoo", "mobile_no": "01002655841"}}, {"model": "auth.permission", "pk": 1, "fields": {"name": "Can add log entry", "content_type": 1, "codename": "add_logentry"}}, {"model": "auth.permission", "pk": 2, "fields": {"name": "Can change log entry", "content_type": 1, "codename": "change_logentry"}}, {"model": "auth.permission", "pk": 3, "fields": {"name": "Can delete log entry", "content_type": 1, "codename": "delete_logentry"}}, {"model": "auth.permission", "pk": 4, "fields": {"name": "Can view log entry", "content_type": 1, "codename": "view_logentry"}}, {"model": "auth.permission", "pk": 5, "fields": {"name": "Can add permission", "content_type": 2, "codename": "add_permission"}}, {"model": "auth.permission", "pk": 6, "fields": {"name": "Can change permission", "content_type": 2, "codename": "change_permission"}}, {"model": "auth.permission", "pk": 7, "fields": {"name": "Can delete permission", "content_type": 2, "codename": "delete_permission"}}, {"model": "auth.permission", "pk": 8, "fields": {"name": "Can view permission", "content_type": 2, "codename": "view_permission"}}, {"model": "auth.permission", "pk": 9, "fields": {"name": "Can add group", "content_type": 3, "codename": "add_group"}}, {"model": "auth.permission", "pk": 10, "fields": {"name": "Can change group", "content_type": 3, "codename": "change_group"}}, {"model": "auth.permission", "pk": 11, "fields": {"name": "Can delete group", "content_type": 3, "codename": "delete_group"}}, {"model": "auth.permission", "pk": 12, "fields": {"name": "Can view group", "content_type": 3, "codename": "view_group"}}, {"model": "auth.permission", "pk": 13, "fields": {"name": "Can add user", "content_type": 4, "codename": "add_user"}}, {"model": "auth.permission", "pk": 14, "fields": {"name": "Can change user", "content_type": 4, "codename": "change_user"}}, {"model": "auth.permission", "pk": 15, "fields": {"name": "Can delete user", "content_type": 4, "codename": "delete_user"}}, {"model": "auth.permission", "pk": 16, "fields": {"name": "Can view user", "content_type": 4, "codename": "view_user"}}, {"model": "auth.permission", "pk": 17, "fields": {"name": "Can add content type", "content_type": 5, "codename": "add_contenttype"}}, {"model": "auth.permission", "pk": 18, "fields": {"name": "Can change content type", "content_type": 5, "codename": "change_contenttype"}}, {"model": "auth.permission", "pk": 19, "fields": {"name": "Can delete content type", "content_type": 5, "codename": "delete_contenttype"}}, {"model": "auth.permission", "pk": 20, "fields": {"name": "Can view content type", "content_type": 5, "codename": "view_contenttype"}}, {"model": "auth.permission", "pk": 21, "fields": {"name": "Can add session", "content_type": 6, "codename": "add_session"}}, {"model": "auth.permission", "pk": 22, "fields": {"name": "Can change session", "content_type": 6, "codename": "change_session"}}, {"model": "auth.permission", "pk": 23, "fields": {"name": "Can delete session", "content_type": 6, "codename": "delete_session"}}, {"model": "auth.permission", "pk": 24, "fields": {"name": "Can view session", "content_type": 6, "codename": "view_session"}}, {"model": "auth.permission", "pk": 25, "fields": {"name": "Can add pizza", "content_type": 7, "codename": "add_pizza"}}, {"model": "auth.permission", "pk": 26, "fields": {"name": "Can change pizza", "content_type": 7, "codename": "change_pizza"}}, {"model": "auth.permission", "pk": 27, "fields": {"name": "Can delete pizza", "content_type": 7, "codename": "delete_pizza"}}, {"model": "auth.permission", "pk": 28, "fields": {"name": "Can view pizza", "content_type": 7, "codename": "view_pizza"}}, {"model": "auth.permission", "pk": 29, "fields": {"name": "Can add pizza price", "content_type": 8, "codename": "add_pizzaprice"}}, {"model": "auth.permission", "pk": 30, "fields": {"name": "Can change pizza price", "content_type": 8, "codename": "change_pizzaprice"}}, {"model": "auth.permission", "pk": 31, "fields": {"name": "Can delete pizza price", "content_type": 8, "codename": "delete_pizzaprice"}}, {"model": "auth.permission", "pk": 32, "fields": {"name": "Can view pizza price", "content_type": 8, "codename": "view_pizzaprice"}}, {"model": "auth.permission", "pk": 33, "fields": {"name": "Can add order", "content_type": 9, "codename": "add_order"}}, {"model": "auth.permission", "pk": 34, "fields": {"name": "Can change order", "content_type": 9, "codename": "change_order"}}, {"model": "auth.permission", "pk": 35, "fields": {"name": "Can delete order", "content_type": 9, "codename": "delete_order"}}, {"model": "auth.permission", "pk": 36, "fields": {"name": "Can view order", "content_type": 9, "codename": "view_order"}}, {"model": "auth.permission", "pk": 37, "fields": {"name": "Can add customer", "content_type": 10, "codename": "add_customer"}}, {"model": "auth.permission", "pk": 38, "fields": {"name": "Can change customer", "content_type": 10, "codename": "change_customer"}}, {"model": "auth.permission", "pk": 39, "fields": {"name": "Can delete customer", "content_type": 10, "codename": "delete_customer"}}, {"model": "auth.permission", "pk": 40, "fields": {"name": "Can view customer", "content_type": 10, "codename": "view_customer"}}, {"model": "auth.permission", "pk": 41, "fields": {"name": "Can add captain", "content_type": 11, "codename": "add_captain"}}, {"model": "auth.permission", "pk": 42, "fields": {"name": "Can change captain", "content_type": 11, "codename": "change_captain"}}, {"model": "auth.permission", "pk": 43, "fields": {"name": "Can delete captain", "content_type": 11, "codename": "delete_captain"}}, {"model": "auth.permission", "pk": 44, "fields": {"name": "Can view captain", "content_type": 11, "codename": "view_captain"}}, {"model": "auth.permission", "pk": 45, "fields": {"name": "Can add order item", "content_type": 12, "codename": "add_orderitem"}}, {"model": "auth.permission", "pk": 46, "fields": {"name": "Can change order item", "content_type": 12, "codename": "change_orderitem"}}, {"model": "auth.permission", "pk": 47, "fields": {"name": "Can delete order item", "content_type": 12, "codename": "delete_orderitem"}}, {"model": "auth.permission", "pk": 48, "fields": {"name": "Can view order item", "content_type": 12, "codename": "view_orderitem"}}, {"model": "auth.permission", "pk": 49, "fields": {"name": "Can add pizza type", "content_type": 8, "codename": "add_pizzatype"}}, {"model": "auth.permission", "pk": 50, "fields": {"name": "Can change pizza type", "content_type": 8, "codename": "change_pizzatype"}}, {"model": "auth.permission", "pk": 51, "fields": {"name": "Can delete pizza type", "content_type": 8, "codename": "delete_pizzatype"}}, {"model": "auth.permission", "pk": 52, "fields": {"name": "Can view pizza type", "content_type": 8, "codename": "view_pizzatype"}}, {"model": "auth.user", "pk": 1, "fields": {"password": "pbkdf2_sha256$150000$ir8CuRJvQ1Ti$Q+NUSGVnm7kePpvmBRb0VddDQ/wuRScBTr+5A82RvMM=", "last_login": "2020-01-24T02:48:40.792Z", "is_superuser": true, "username": "Admin", "first_name": "", "last_name": "", "email": "abdoo.ay@gmail.com", "is_staff": true, "is_active": true, "date_joined": "2020-01-22T18:49:56.056Z", "groups": [], "user_permissions": []}}, {"model": "admin.logentry", "pk": 1, "fields": {"action_time": "2020-01-22T18:51:57.822Z", "user": 1, "content_type": 7, "object_id": "1", "object_repr": "Pizza object (1)", "action_flag": 1, "change_message": "[{\"added\": {}}]"}}, {"model": "admin.logentry", "pk": 2, "fields": {"action_time": "2020-01-22T18:52:22.404Z", "user": 1, "content_type": 7, "object_id": "2", "object_repr": "Pizza object (2)", "action_flag": 1, "change_message": "[{\"added\": {}}]"}}, {"model": "admin.logentry", "pk": 3, "fields": {"action_time": "2020-01-22T18:53:09.843Z", "user": 1, "content_type": 7, "object_id": "3", "object_repr": "Pizza object (3)", "action_flag": 1, "change_message": "[{\"added\": {}}]"}}, {"model": "admin.logentry", "pk": 4, "fields": {"action_time": "2020-01-22T18:54:07.810Z", "user": 1, "content_type": 8, "object_id": "1", "object_repr": "PizzaPrice object (1)", "action_flag": 1, "change_message": "[{\"added\": {}}]"}}, {"model": "admin.logentry", "pk": 5, "fields": {"action_time": "2020-01-22T19:02:16.082Z", "user": 1, "content_type": 8, "object_id": "2", "object_repr": "Salami / Medium / 15", "action_flag": 1, "change_message": "[{\"added\": {}}]"}}, {"model": "admin.logentry", "pk": 6, "fields": {"action_time": "2020-01-22T19:02:36.016Z", "user": 1, "content_type": 8, "object_id": "3", "object_repr": "Salami / Large / 20", "action_flag": 1, "change_message": "[{\"added\": {}}]"}}, {"model": "admin.logentry", "pk": 7, "fields": {"action_time": "2020-01-22T19:02:47.879Z", "user": 1, "content_type": 8, "object_id": "4", "object_repr": "Margrite / Small / 8", "action_flag": 1, "change_message": "[{\"added\": {}}]"}}, {"model": "admin.logentry", "pk": 8, "fields": {"action_time": "2020-01-22T19:02:56.335Z", "user": 1, "content_type": 8, "object_id": "5", "object_repr": "Margrite / Medium / 13", "action_flag": 1, "change_message": "[{\"added\": {}}]"}}, {"model": "admin.logentry", "pk": 9, "fields": {"action_time": "2020-01-22T19:03:06.623Z", "user": 1, "content_type": 8, "object_id": "6", "object_repr": "Margrite / Large / 18", "action_flag": 1, "change_message": "[{\"added\": {}}]"}}, {"model": "admin.logentry", "pk": 10, "fields": {"action_time": "2020-01-22T19:03:15.748Z", "user": 1, "content_type": 8, "object_id": "7", "object_repr": "Vegan Pizza / Small / 9", "action_flag": 1, "change_message": "[{\"added\": {}}]"}}, {"model": "admin.logentry", "pk": 11, "fields": {"action_time": "2020-01-22T19:03:24.725Z", "user": 1, "content_type": 8, "object_id": "8", "object_repr": "Vegan Pizza / Medium / 14", "action_flag": 1, "change_message": "[{\"added\": {}}]"}}, {"model": "admin.logentry", "pk": 12, "fields": {"action_time": "2020-01-22T19:03:31.868Z", "user": 1, "content_type": 8, "object_id": "9", "object_repr": "Vegan Pizza / Large / 19", "action_flag": 1, "change_message": "[{\"added\": {}}]"}}, {"model": "admin.logentry", "pk": 13, "fields": {"action_time": "2020-01-24T02:48:55.617Z", "user": 1, "content_type": 10, "object_id": "1", "object_repr": "Customer object (1)", "action_flag": 1, "change_message": "[{\"added\": {}}]"}}]